Timestamp,socmedInterest,mostUsedSocmed,Age,Gender,occupation,monthlyIncome,residence,device,internet,activeSocmed,socmedRate,picPost,vidPost,picLike,vidLike,comment,story,shareVid,"watchVidAvg
",mostUsedSocmed
546,1,12,19,1,1,22,46,3,3,5,4,5,4,4,4,4,5,5,5,12
571,1,12,19,3,4,2,42,6,1,3,2,2,2,1,1,2,1,1,5,12
206,1,13,23,2,5,2,55,7,1,3,4,3,2,3,3,2,4,1,2,13
522,1,5,18,1,4,2,46,8,1,4,5,4,5,3,5,5,5,5,6,5
559,1,12,19,3,1,38,42,6,3,2,3,4,4,3,2,3,3,2,5,12
217,1,5,14,2,5,2,64,7,1,3,4,2,1,4,4,1,2,2,2,5
436,1,11,27,1,1,29,42,6,1,2,2,0,0,2,4,0,0,0,6,11
161,1,12,14,2,5,2,51,7,1,5,5,4,3,5,5,3,4,2,2,12
468,1,12,14,3,6,2,46,8,1,4,3,5,4,4,3,3,5,5,6,12
492,1,5,24,3,1,46,42,6,3,5,4,4,3,2,4,3,4,2,6,5
165,1,5,37,2,2,72,35,7,1,4,4,2,2,4,4,2,1,2,2,5
487,1,5,18,3,4,2,42,8,3,5,4,5,4,3,4,4,4,4,5,5
103,1,13,14,2,5,2,64,7,1,3,4,2,3,4,4,2,1,2,2,13
224,1,13,21,2,2,87,26,7,2,5,4,3,3,3,3,2,3,3,2,13
144,1,13,57,4,8,69,3,7,1,5,5,3,2,5,5,3,2,3,4,13
149,1,13,56,4,2,78,28,7,2,4,4,2,2,3,3,2,2,2,4,13
569,1,5,29,1,1,38,46,6,3,3,3,2,1,2,1,1,0,0,5,5
504,1,12,20,3,3,27,46,3,3,3,3,1,1,4,4,1,4,5,6,12
218,1,13,19,4,8,2,38,7,1,5,5,2,2,3,3,2,2,2,4,13
425,1,5,12,1,4,2,42,6,3,4,4,4,4,4,4,4,4,4,6,5
67,1,11,59,4,8,58,44,7,2,5,4,3,2,4,4,5,3,3,4,11
523,1,5,18,3,4,2,46,6,1,4,3,4,5,4,3,4,4,4,6,5
343,1,11,14,1,4,2,46,6,1,4,4,2,1,4,4,2,3,2,5,11
420,1,5,12,1,6,2,46,6,1,3,3,1,1,3,3,0,0,3,6,5
187,1,13,23,4,2,36,25,7,1,4,3,2,2,2,2,3,2,3,4,13
391,1,11,19,3,1,25,42,6,1,3,5,1,1,5,5,0,3,1,6,11
150,1,11,61,4,8,83,28,7,1,4,4,3,3,3,4,2,4,4,2,11
0,1,11,9,1,4,2,51,6,1,5,3,5,5,5,5,3,5,5,3,11
45,1,11,14,1,4,2,10,6,3,4,3,3,2,4,4,2,3,3,1,11
142,1,11,14,2,5,80,2,7,1,3,4,2,1,3,3,1,2,2,4,11
509,1,11,14,3,4,2,42,6,3,4,4,3,3,3,3,2,2,1,6,11
377,1,5,11,3,4,2,42,6,3,4,4,3,5,4,4,0,1,2,6,5
78,0,13,4,2,5,2,18,7,2,2,2,3,2,4,2,2,3,2,2,13
104,1,11,9,2,5,2,14,7,2,4,4,2,1,4,4,2,1,5,2,11
550,1,12,20,1,3,36,46,6,3,3,2,3,4,3,2,2,1,1,5,12
230,1,4,22,4,2,43,69,4,2,3,3,1,3,1,2,2,1,2,2,4
439,1,11,11,1,4,2,46,6,3,5,4,5,4,5,4,5,4,5,6,11
73,1,13,63,4,8,84,38,7,1,5,5,3,2,4,4,3,2,3,4,13
79,1,5,23,4,2,104,16,7,2,5,5,3,3,3,3,3,3,3,4,5
201,1,11,11,2,5,2,61,7,2,5,5,4,3,5,5,2,5,3,2,11
465,1,5,21,3,1,32,46,8,3,4,5,3,4,5,3,4,5,4,6,5
550,1,12,22,1,1,42,46,6,3,4,3,4,3,3,3,2,1,0,5,12
245,1,5,12,2,5,2,61,7,1,5,4,2,2,2,2,2,2,4,4,5
457,1,5,19,3,3,6,46,3,3,4,3,4,2,5,4,2,1,3,6,5
403,1,5,21,3,1,26,46,6,1,4,1,2,3,4,3,1,1,3,6,5
96,1,11,18,2,5,2,61,7,2,3,4,2,2,4,4,2,2,3,2,11
514,1,11,21,1,3,32,46,6,3,4,4,3,3,3,2,3,2,2,5,11
494,1,5,18,3,4,2,46,8,3,5,5,3,4,3,4,3,4,4,6,5
395,1,5,12,3,4,2,42,6,3,1,3,2,1,5,5,3,5,5,6,5
477,1,11,29,3,1,48,46,6,1,3,3,2,3,2,3,3,2,0,5,11
231,1,13,22,4,2,21,69,7,1,4,3,2,2,4,4,2,2,2,4,13
26,1,5,9,3,4,59,52,6,1,4,5,2,1,5,5,2,5,3,1,5
393,1,11,11,3,4,2,42,6,1,0,0,0,0,0,0,0,0,0,6,11
443,0,0,0,0,0,2,0,0,0,0,0,0,0,0,0,0,0,0,0,0
492,1,11,11,3,4,2,46,3,1,4,4,4,4,5,5,5,5,5,6,11
539,1,12,18,1,4,2,42,3,3,2,2,2,1,1,1,2,1,2,5,12
3,1,11,12,1,4,2,51,6,3,4,3,2,2,4,4,2,3,3,1,11
105,1,11,9,2,5,2,48,7,1,5,4,3,3,4,5,2,3,3,2,11
324,1,5,14,3,4,2,46,6,3,3,4,1,0,5,5,0,2,2,6,5
359,1,12,18,3,4,2,46,6,1,4,3,3,4,4,5,5,4,4,6,12
157,1,11,18,2,5,2,61,7,2,5,5,2,2,4,4,2,4,4,4,11
501,1,11,14,3,4,2,42,6,1,5,5,3,3,3,3,1,1,1,6,11
290,1,5,41,1,3,88,46,6,1,3,3,0,0,1,1,1,0,0,5,5
520,1,5,18,3,4,2,46,3,1,4,5,4,4,4,2,3,2,4,6,5
410,1,11,38,3,3,72,42,6,1,3,3,0,0,3,3,0,0,0,6,11
506,1,5,14,3,4,2,42,3,3,4,4,4,3,3,3,2,3,3,6,5
541,1,12,20,1,4,2,46,3,3,2,2,1,2,1,1,0,1,0,5,12
232,1,5,14,2,5,2,52,7,2,5,5,2,2,5,5,4,2,2,2,5
518,1,5,20,1,1,32,46,6,3,4,3,3,4,3,2,2,2,3,5,5
329,1,5,12,3,4,2,42,3,3,4,3,3,4,4,3,4,3,3,6,5
408,1,11,18,3,4,2,46,6,3,5,5,3,3,5,5,0,5,2,6,11
331,1,5,14,3,4,2,42,6,1,5,3,3,2,4,4,1,5,5,5,5
367,0,0,0,0,0,2,0,0,0,0,0,0,0,0,0,0,0,0,0,0
504,1,11,38,1,1,55,46,3,3,2,2,0,0,1,1,0,0,1,5,11
489,1,5,38,1,3,63,46,6,1,5,5,1,1,5,5,5,5,5,6,5
564,1,12,19,1,1,30,42,6,1,3,2,2,3,4,2,3,2,1,5,12
470,1,11,18,3,6,2,42,3,3,4,3,3,4,4,5,5,4,2,6,11
489,1,5,19,1,4,2,46,6,1,5,3,4,3,4,3,4,4,3,6,5
462,1,12,19,1,1,27,46,8,3,4,5,3,4,5,3,4,5,3,5,12
376,1,11,18,1,4,2,46,6,3,5,5,3,3,5,5,0,5,3,6,11
502,1,11,14,3,4,2,42,3,1,5,5,4,3,3,3,3,1,2,5,11
83,1,13,2,2,5,2,64,7,1,4,4,1,1,2,2,2,1,1,4,13
456,1,12,14,3,6,2,42,3,3,3,4,2,2,4,4,1,1,2,5,12
531,1,12,22,3,1,61,46,6,3,3,2,3,3,2,3,2,1,0,5,12
20,1,5,14,3,4,2,10,6,3,5,4,2,2,3,4,2,4,5,3,5
66,1,11,12,1,4,2,11,6,3,5,5,4,4,5,3,2,4,2,3,11
293,1,5,2,3,4,2,46,6,3,4,4,4,4,4,4,4,4,4,6,5
97,1,5,21,2,8,2,7,7,2,5,4,2,2,2,2,2,2,2,2,5
258,1,12,14,3,4,2,46,6,3,3,3,0,1,5,5,4,1,3,6,12
499,1,12,14,3,4,2,46,6,3,4,4,3,3,4,4,1,1,1,6,12
497,1,5,14,3,4,2,42,3,3,3,4,4,4,4,4,4,4,3,6,5
338,1,5,14,3,4,2,42,6,1,5,4,1,1,3,3,1,4,1,6,5
541,1,12,14,1,4,2,46,8,3,2,2,1,1,1,0,1,0,1,5,12
108,1,8,29,4,2,77,41,7,2,4,4,2,2,3,3,2,2,2,4,8
482,1,5,27,1,3,46,46,6,3,5,5,5,5,5,5,5,5,5,6,5
7,1,5,12,3,4,2,10,6,3,5,5,1,1,4,3,1,2,1,3,5
341,1,11,14,1,1,24,42,8,1,5,3,1,2,5,5,1,2,2,5,11
548,1,12,21,1,1,25,46,6,1,3,3,4,3,4,3,2,3,2,5,12
304,1,11,14,3,4,2,42,6,3,5,5,3,3,5,5,2,2,5,6,11
519,1,11,22,3,1,52,46,3,3,3,2,0,0,2,3,2,0,1,5,11
491,1,11,35,3,1,63,46,3,1,4,4,4,4,4,4,4,5,5,6,11
156,1,12,14,2,5,2,25,7,2,4,5,1,1,4,4,1,1,2,4,12
489,1,11,11,3,4,2,46,6,1,1,5,2,1,2,2,1,1,5,5,11
356,1,12,25,3,1,26,46,3,3,5,5,5,4,4,4,5,5,5,5,12
443,0,0,0,0,0,2,0,0,0,0,0,0,0,0,0,0,0,0,0,0
124,1,13,5,2,5,2,41,7,1,4,4,3,2,2,2,2,2,2,2,13
55,1,13,14,3,7,2,25,3,3,2,1,1,1,3,3,2,1,1,3,13
29,1,5,14,1,4,2,10,6,1,4,4,2,2,3,3,2,3,5,1,5
502,1,12,14,3,4,2,46,6,3,5,5,2,2,3,3,1,3,1,6,12
537,1,5,21,1,1,28,46,6,1,1,2,2,1,2,1,1,0,0,5,5
71,1,13,54,4,2,70,68,7,2,5,4,3,3,3,3,3,3,3,4,13
423,1,11,27,1,1,27,46,6,1,5,5,5,5,5,5,5,5,5,6,11
518,1,5,6,3,4,2,42,6,1,5,3,4,4,4,3,3,2,2,6,5
560,1,12,19,3,1,38,46,6,3,4,4,3,4,5,4,4,3,4,5,12
235,1,11,18,2,2,21,61,7,1,5,4,4,4,4,4,1,5,5,4,11
526,1,12,19,1,1,22,42,3,3,2,1,1,0,1,2,2,1,1,5,12
57,1,11,17,1,4,2,25,6,3,3,4,3,2,2,2,3,3,5,3,11
61,1,5,14,3,4,2,12,6,3,5,2,2,1,3,2,1,1,1,3,5
487,1,5,30,1,1,46,42,6,3,5,3,5,3,5,3,5,4,4,5,5
261,1,11,9,3,4,2,42,6,1,4,3,1,1,5,5,1,3,5,5,11
568,1,12,29,1,3,64,46,6,1,3,2,3,2,1,2,1,2,1,5,12
263,1,5,14,1,6,2,42,6,3,5,5,1,1,5,5,5,3,2,5,5
569,1,12,30,3,3,40,46,6,3,2,2,3,2,1,3,2,1,2,5,12
442,1,11,26,3,1,35,46,6,3,5,4,3,2,3,4,5,4,3,6,11
196,1,12,20,2,2,28,20,7,1,5,4,2,2,3,3,2,1,2,2,12
378,1,11,8,1,4,2,42,8,1,4,4,0,0,5,5,2,1,3,6,11
454,1,11,12,1,4,2,42,3,3,4,3,4,3,4,3,4,3,4,6,11
507,1,12,14,3,4,2,46,3,3,4,4,3,3,4,3,3,2,2,6,12
138,1,13,6,4,5,2,12,7,2,4,4,2,2,2,4,1,2,5,4,13
37,1,13,12,1,4,2,10,6,1,4,4,2,2,5,5,3,4,4,3,13
447,1,12,21,3,1,26,42,8,3,4,4,4,3,3,4,4,4,5,6,12
524,1,12,18,3,4,2,42,6,1,4,4,4,4,3,3,1,2,1,5,12
517,1,12,20,3,3,61,46,6,3,4,3,3,4,3,4,3,3,2,5,12
295,1,5,27,3,3,13,46,6,1,3,5,3,3,5,4,4,4,3,6,5
487,1,5,18,1,3,21,46,6,1,2,3,3,3,4,3,3,4,4,5,5
484,1,12,18,3,1,17,46,6,3,3,5,3,3,5,5,1,1,4,6,12
521,1,11,18,3,4,2,46,8,1,5,4,4,3,4,4,4,3,4,6,11
134,1,13,42,2,2,6,38,7,1,5,5,4,4,4,4,3,3,3,2,13
95,1,5,12,2,5,2,48,7,1,4,5,3,2,3,3,3,3,3,2,5
125,1,11,10,2,5,2,2,7,2,2,3,1,1,3,3,2,1,3,2,11
335,1,11,14,3,4,2,42,6,1,3,4,4,3,3,2,3,3,3,6,11
60,0,5,18,3,4,60,11,6,3,5,1,2,1,4,1,3,2,1,1,5
468,1,12,18,3,3,10,42,3,3,4,3,5,4,5,3,4,3,5,5,12
299,1,5,14,1,4,2,46,6,3,5,4,1,2,4,5,2,4,5,5,5
556,1,12,14,1,6,2,46,6,3,2,3,4,3,2,4,3,2,3,5,12
511,1,11,14,3,4,2,42,6,1,4,3,4,3,3,2,3,2,2,6,11
342,1,5,14,3,4,2,46,6,3,3,2,1,1,2,3,1,3,2,5,5
518,1,5,14,1,4,2,46,6,3,0,1,1,1,0,1,0,0,1,5,5
306,1,11,36,3,6,13,46,6,1,5,4,2,3,3,3,3,3,3,6,11
471,1,12,14,3,4,2,42,8,1,4,4,3,3,4,4,2,2,1,5,12
129,1,13,27,2,8,2,5,7,2,4,5,2,1,4,3,3,3,2,4,13
50,1,11,14,1,4,2,23,6,1,5,4,2,2,3,3,1,2,1,3,11
498,1,12,14,3,4,2,46,8,3,4,4,3,3,3,4,2,3,1,6,12
538,1,12,22,1,1,46,46,6,1,4,4,5,4,5,4,5,4,4,5,12
490,1,11,12,3,4,2,46,6,1,5,5,3,3,5,5,5,5,5,5,11
362,1,11,10,3,4,2,46,6,3,5,5,2,2,5,5,2,3,5,6,11
441,1,12,18,3,4,2,42,6,3,5,4,3,4,5,4,3,4,5,5,12
464,1,11,12,1,1,13,42,3,1,4,3,4,3,5,5,5,3,3,6,11
207,1,5,11,2,5,2,28,7,2,3,3,2,2,2,2,2,1,4,2,5
488,1,11,14,3,4,2,46,8,1,5,4,3,4,2,4,3,4,3,6,11
303,1,11,28,1,1,27,46,6,1,3,4,1,1,2,2,2,1,1,5,11
172,1,13,46,2,2,86,41,7,1,4,4,3,2,4,4,2,2,3,4,13
281,1,5,14,3,6,0,46,6,3,5,3,1,0,0,2,0,3,5,5,5
496,1,11,53,3,6,2,42,3,1,3,2,0,0,4,4,1,3,5,5,11
347,1,11,5,3,4,2,46,6,3,5,5,3,3,5,5,4,4,4,6,11
489,1,5,18,3,4,2,42,3,1,4,2,4,1,4,3,3,3,5,6,5
4,1,11,12,3,4,2,51,6,1,4,4,1,1,5,5,1,2,2,3,11
512,1,11,14,3,4,2,46,6,3,4,3,3,3,3,3,2,2,1,6,11
421,1,12,5,1,4,2,46,8,3,5,5,5,5,5,5,5,5,5,6,12
504,1,11,18,3,4,2,46,6,1,3,3,0,1,1,2,2,2,5,5,11
463,1,12,11,3,4,2,42,6,1,3,4,3,4,3,4,3,4,3,6,12
532,1,12,19,1,1,40,46,3,3,4,3,3,4,3,2,3,3,0,5,12
5,1,11,9,1,4,2,51,6,1,5,5,3,2,4,4,2,3,2,3,11
112,1,11,11,2,5,80,55,7,2,3,2,3,3,3,5,2,2,5,4,11
504,1,11,21,3,1,37,46,3,3,4,4,3,4,4,3,4,3,4,6,11
106,1,13,11,4,5,2,2,7,1,3,3,2,2,2,2,2,2,2,2,13
527,1,12,18,1,4,2,46,6,3,3,3,1,2,1,1,1,0,0,5,12
353,1,11,14,1,6,2,42,6,1,3,4,3,3,4,5,4,4,5,6,11
538,1,5,19,3,1,28,42,6,1,4,3,4,2,4,3,4,3,3,5,5
22,1,13,10,3,4,2,51,6,3,5,5,2,1,5,5,2,4,5,3,13
542,1,12,20,1,1,40,46,6,1,5,4,4,4,5,5,4,5,3,5,12
275,1,5,14,3,4,2,42,6,3,3,3,0,0,1,1,0,0,1,5,5
283,1,11,18,1,6,2,42,6,1,5,5,3,2,4,4,1,4,3,6,11
269,1,11,6,1,4,2,46,6,3,5,4,0,0,3,1,0,3,0,5,11
412,1,11,12,1,4,2,42,8,3,5,5,2,2,4,4,0,2,2,5,11
564,1,5,12,3,4,2,42,6,1,1,2,3,4,2,1,3,4,2,5,5
280,1,11,14,3,4,2,42,6,1,4,5,1,1,2,2,1,1,2,6,11
406,1,11,22,3,1,36,46,6,1,5,5,5,5,5,5,5,5,5,6,11
227,1,6,35,2,2,81,68,7,2,3,3,2,2,2,2,2,2,2,4,6
543,1,12,20,1,1,40,46,3,3,2,2,1,1,3,2,2,1,1,5,12
319,1,5,19,3,4,2,46,6,1,3,4,1,0,4,4,1,1,0,5,5
422,1,12,27,1,1,29,46,6,1,5,5,5,5,5,5,5,5,5,6,12
373,1,12,23,3,1,13,46,6,1,4,4,2,1,2,2,1,1,3,5,12
91,1,11,5,4,2,2,64,7,2,1,1,2,2,2,2,2,2,1,4,11
179,1,13,28,2,2,13,21,7,1,3,3,3,3,3,3,3,3,3,2,13
574,1,12,29,1,1,40,46,6,1,3,3,4,3,4,3,3,3,3,5,12
13,1,11,11,1,4,2,51,6,3,4,4,3,2,5,5,3,4,4,1,11
459,1,11,18,3,4,2,42,6,3,4,5,3,3,5,5,2,2,2,5,11
443,1,11,19,3,4,2,42,6,1,3,4,4,1,1,1,1,2,5,6,11
570,1,5,32,3,1,41,46,6,3,1,2,2,1,1,0,1,0,1,5,5
565,1,12,19,3,1,72,42,6,3,3,3,3,2,3,2,3,2,3,5,12
131,1,12,9,2,5,2,51,7,1,4,4,2,2,5,4,2,3,2,2,12
572,1,12,34,1,1,65,46,6,1,4,4,5,4,5,4,5,4,4,5,12
236,1,11,57,4,8,99,38,7,2,3,3,3,2,2,3,2,2,2,4,11
430,1,11,18,3,3,14,46,6,3,5,5,2,2,5,5,2,2,5,6,11
490,1,11,12,1,4,2,42,8,3,5,4,4,4,4,3,3,3,5,6,11
492,1,11,12,3,4,2,42,8,1,2,2,2,3,3,3,3,2,5,5,11
423,1,11,23,1,1,19,46,6,3,4,3,4,2,4,4,3,4,1,6,11
493,1,12,12,3,4,2,46,6,3,5,5,5,5,5,5,5,5,5,6,12
500,1,5,14,3,1,22,42,6,1,4,4,3,2,3,3,1,1,1,6,5
194,1,13,14,4,5,2,14,7,1,5,4,2,1,5,5,2,3,4,4,13
162,1,11,19,2,2,16,32,7,2,3,4,2,1,3,3,1,2,3,4,11
87,1,13,28,2,2,40,41,7,1,2,4,2,2,4,4,4,2,2,4,13
536,1,11,24,3,3,61,42,6,1,0,1,1,1,1,0,1,0,1,5,11
518,1,5,14,1,4,2,42,6,3,2,2,1,1,2,2,1,2,1,5,5
135,1,11,25,2,2,61,11,7,2,1,4,1,1,4,5,3,1,2,4,11
77,1,13,31,4,2,61,41,7,1,3,3,3,3,3,3,3,3,3,4,13
16,1,5,12,1,4,2,10,6,1,3,3,1,1,4,4,2,4,5,1,5
64,1,11,11,3,4,80,50,6,3,4,3,1,1,2,2,2,2,2,3,11
453,1,5,14,3,4,2,46,6,3,4,5,2,3,5,5,0,1,2,6,5
434,1,5,10,1,4,2,46,6,1,5,5,4,4,5,5,0,5,2,6,5
573,1,5,22,1,1,48,46,6,1,2,2,1,2,1,2,1,2,1,5,5
76,1,15,4,2,5,2,36,7,1,3,4,1,1,3,5,2,3,3,4,15
480,1,11,12,1,4,2,42,6,1,4,2,3,2,2,3,1,1,0,5,11
469,0,0,0,0,0,2,0,0,0,0,0,0,0,0,0,0,0,0,0,0
558,1,12,19,3,1,38,46,6,3,3,3,2,3,3,4,3,2,2,5,12
328,1,5,14,1,4,2,42,6,1,3,3,0,1,5,5,2,3,5,5,5
458,1,11,14,3,4,2,46,6,1,4,3,4,3,4,3,4,3,4,6,11
462,1,11,19,1,1,32,46,3,3,4,3,4,3,5,3,4,3,5,6,11
483,1,11,12,1,4,2,46,6,3,5,5,4,4,3,3,2,2,1,6,11
344,1,12,14,3,4,2,46,6,3,5,4,1,1,4,4,2,1,3,6,12
528,1,12,18,1,4,2,42,8,1,3,3,3,3,2,2,2,2,1,5,12
392,1,11,11,1,4,2,42,6,1,5,5,5,5,5,2,4,5,5,6,11
499,1,12,14,3,4,2,42,3,3,4,4,2,2,3,3,1,1,1,6,12
191,1,13,26,2,8,2,25,7,2,4,3,3,3,3,3,3,3,3,4,13
496,1,12,24,3,1,44,46,6,1,3,4,4,4,3,4,4,4,5,6,12
418,1,12,8,1,4,2,46,6,3,5,5,3,3,4,4,1,4,1,6,12
181,1,13,23,4,2,25,69,7,1,4,4,2,3,2,3,2,2,3,2,13
521,1,11,18,3,3,25,46,3,3,5,4,4,4,5,5,4,3,3,6,11
504,1,11,12,3,4,2,46,3,1,5,5,1,1,4,4,2,3,3,6,11
400,1,11,12,1,4,2,42,6,1,3,2,3,2,3,2,3,2,3,6,11
495,1,11,30,1,3,72,46,6,3,3,3,2,1,5,5,4,4,3,6,11
519,1,11,14,1,1,23,42,6,1,3,2,3,2,2,1,1,1,1,5,11
547,1,5,18,1,1,22,42,6,1,4,4,5,4,4,4,3,3,4,5,5
321,1,11,14,3,4,2,46,6,1,4,5,2,1,3,3,2,3,2,6,11
358,1,11,2,3,4,2,42,6,1,5,5,3,3,5,3,4,3,5,6,11
167,1,13,18,2,2,17,11,7,1,4,2,3,3,4,4,3,2,3,2,13
489,1,12,23,1,1,40,46,3,3,5,4,2,3,2,3,4,4,4,5,12
488,1,11,10,1,4,2,42,6,1,5,3,3,4,4,3,4,3,4,5,11
339,1,11,11,3,4,2,42,6,1,5,4,3,3,4,5,5,5,4,6,11
228,1,5,14,2,5,2,61,7,2,5,5,3,2,4,3,2,4,2,4,5
554,1,12,14,1,4,2,42,6,3,3,3,3,3,2,3,3,2,3,5,12
117,1,12,14,2,5,2,58,7,2,4,4,1,1,2,4,1,2,1,2,12
284,1,5,40,3,1,21,46,6,1,3,4,3,3,4,4,3,2,2,5,5
28,1,5,11,3,4,2,52,6,1,5,4,3,3,4,3,3,3,3,1,5
85,1,11,4,2,5,2,39,7,2,3,4,3,4,3,3,2,3,3,4,11
488,1,5,12,3,4,2,46,8,3,4,2,4,3,4,3,5,4,4,6,5
513,0,0,0,0,0,2,0,0,0,0,0,0,0,0,0,0,0,0,0,0
147,1,13,64,4,2,69,38,7,2,4,4,2,1,3,3,2,1,1,4,13
139,1,11,11,2,5,2,54,7,1,5,4,2,1,4,4,2,3,2,2,11
346,1,5,20,1,1,16,46,8,3,5,5,2,2,5,5,3,3,3,6,5
351,1,5,9,3,4,2,46,6,3,5,5,1,1,4,5,2,2,5,6,5
504,1,12,27,1,1,67,46,8,3,2,2,1,0,2,2,1,1,5,6,12
529,1,5,21,1,1,27,42,6,1,2,1,1,1,0,0,1,0,0,5,5
522,1,11,18,1,4,2,46,8,1,3,3,1,1,2,3,1,1,3,5,11
504,1,5,37,1,3,75,42,8,1,3,1,1,1,4,4,2,4,3,6,5
160,1,2,35,2,2,81,39,7,2,5,5,3,3,4,4,4,3,3,4,2
107,1,12,18,2,5,2,67,7,2,5,5,3,4,5,5,3,3,2,4,12
426,1,11,14,3,4,2,42,6,3,4,5,2,2,4,4,0,2,3,6,11
521,1,5,14,3,4,2,46,3,1,3,2,3,2,3,3,2,3,1,5,5
253,1,5,12,1,4,2,46,6,3,4,4,0,0,5,5,0,5,5,6,5
533,1,12,20,1,1,35,46,8,3,3,2,2,3,2,2,1,1,1,5,12
285,1,12,25,3,1,27,42,6,1,5,0,1,2,0,0,0,2,1,5,12
559,1,5,19,3,1,38,46,6,3,3,3,4,4,3,3,3,2,3,5,5
521,1,12,14,1,3,2,46,6,3,3,2,4,3,3,2,1,2,2,5,12
223,1,11,14,2,5,2,54,7,2,5,4,4,5,5,2,2,5,5,2,11
32,1,11,12,1,4,2,51,6,3,3,3,3,3,3,3,3,3,3,3,11
186,1,13,47,4,2,21,33,4,2,2,2,2,2,2,2,2,1,2,2,13
43,1,13,14,1,4,2,10,6,1,5,5,3,3,4,4,3,3,3,1,13
340,1,12,19,1,1,15,46,6,3,5,5,4,4,4,5,4,2,4,6,12
62,1,11,14,3,4,2,9,6,3,4,4,2,2,2,2,2,2,2,3,11
565,1,12,19,3,1,40,46,6,3,3,4,4,4,4,5,4,4,4,5,12
211,1,11,11,2,5,2,10,7,1,4,4,1,1,4,4,2,1,4,4,11
414,1,11,9,1,4,2,46,6,3,5,5,5,5,5,5,1,5,2,6,11
501,1,5,14,3,4,2,46,8,3,4,5,2,2,3,2,2,3,1,6,5
381,1,5,14,3,4,2,42,6,3,5,5,5,5,5,5,5,5,5,6,5
292,1,5,37,1,3,93,46,6,1,3,4,3,1,3,2,2,1,1,5,5
171,1,13,58,4,8,60,44,7,2,5,5,4,4,4,4,5,4,4,4,13
380,1,12,21,3,1,46,46,6,1,5,5,4,4,5,5,0,5,1,6,12
494,1,11,18,1,4,2,42,6,1,5,4,3,4,3,4,3,4,3,6,11
492,1,11,18,1,4,2,42,6,1,2,2,0,0,1,1,1,0,2,5,11
522,1,11,14,1,3,2,46,8,1,4,3,3,2,2,0,2,0,0,5,11
520,1,12,28,1,1,29,46,6,1,2,4,0,2,2,4,4,4,5,6,12
521,1,12,18,3,4,2,42,6,1,5,5,3,3,4,4,4,5,5,6,12
205,1,13,38,2,2,79,30,7,1,5,3,3,3,4,4,4,2,2,4,13
492,1,11,10,3,1,17,42,6,1,5,3,4,4,3,4,5,5,5,6,11
518,1,11,21,1,1,36,46,8,3,5,3,4,4,2,4,2,4,5,6,11
407,1,11,18,1,4,2,42,6,3,5,5,2,2,5,5,2,5,1,6,11
109,1,11,28,2,8,2,15,7,1,4,4,4,3,3,3,3,3,3,2,11
200,1,13,24,2,2,21,45,7,1,5,4,4,4,4,4,4,4,4,2,13
521,1,11,18,1,4,2,46,6,3,5,3,5,3,5,3,5,3,5,6,11
521,1,12,18,3,4,2,46,3,3,4,3,4,3,4,5,4,5,5,6,12
526,1,12,19,1,6,20,42,6,1,3,3,2,3,2,3,3,2,2,5,12
549,1,12,21,1,1,42,46,6,3,2,1,2,1,1,0,1,2,0,5,12
225,1,3,30,2,2,61,38,7,2,4,3,2,2,4,2,3,2,2,4,3
54,1,5,18,3,4,2,10,6,1,5,4,2,2,5,5,2,3,5,3,5
24,1,13,19,3,4,2,60,6,3,3,4,2,1,2,2,2,2,2,3,13
431,1,11,28,3,1,61,42,8,1,4,5,0,0,5,5,0,0,0,6,11
204,1,11,12,2,5,31,69,7,1,3,3,2,2,2,2,2,2,4,2,11
100,1,13,14,4,5,2,31,7,2,4,4,3,2,4,5,2,3,4,4,13
348,1,12,24,3,1,27,46,3,3,3,4,1,1,4,4,1,1,5,5,12
82,1,1,21,2,2,89,11,2,2,4,4,3,2,5,5,3,3,5,4,1
137,1,13,6,2,5,2,28,7,2,5,5,2,2,2,3,2,3,4,2,13
195,1,11,18,2,2,25,57,7,1,5,5,3,2,4,4,2,3,4,2,11
421,1,11,26,3,4,36,46,6,1,3,5,1,1,4,4,1,4,5,6,11
495,1,12,34,1,1,54,46,6,3,3,3,1,1,4,4,4,3,3,5,12
273,1,5,14,1,4,2,42,3,3,3,3,0,0,3,3,1,3,2,5,5
522,1,5,18,1,1,2,46,3,1,5,2,4,2,4,4,4,4,4,6,5
504,1,5,27,1,1,49,46,8,1,5,4,4,2,3,5,3,4,5,6,5
510,1,11,14,3,1,2,42,3,1,4,4,2,3,3,2,3,2,3,5,11
490,1,11,18,1,4,2,46,6,1,5,4,2,1,4,5,5,5,5,6,11
310,1,5,22,1,1,32,46,6,1,5,4,4,1,5,5,1,4,3,6,5
452,1,11,11,1,4,2,42,6,1,4,3,2,4,4,4,5,4,5,6,11
325,1,11,14,3,4,2,46,6,3,4,4,0,0,4,4,0,0,4,6,11
92,1,11,34,2,2,96,15,7,1,5,5,4,4,4,4,3,4,3,4,11
487,1,12,40,1,6,2,46,6,1,5,4,4,4,4,2,3,3,4,5,12
219,1,13,9,2,5,2,10,7,1,4,4,2,2,3,3,2,1,2,2,13
504,1,11,11,1,1,2,46,3,1,5,5,4,4,5,5,4,3,5,6,11
426,1,11,27,3,1,26,42,6,1,5,5,0,0,4,4,0,0,5,6,11
88,1,13,57,4,8,95,37,7,1,4,5,2,2,5,5,4,2,3,4,13
448,1,11,23,3,1,38,42,6,1,4,4,5,5,3,3,3,3,4,6,11
25,1,11,9,3,4,2,51,6,3,4,4,3,3,3,3,3,3,4,1,11
81,1,11,5,2,5,2,69,7,1,5,5,2,2,4,5,2,3,3,2,11
120,1,5,18,2,5,2,9,7,2,5,5,2,2,5,4,2,4,3,2,5
123,1,13,18,2,2,21,69,7,1,4,3,2,2,4,4,2,3,2,2,13
490,1,11,12,3,4,2,42,6,1,1,3,0,0,1,1,1,1,2,5,11
446,1,5,14,3,4,2,42,6,1,5,5,5,5,5,5,5,4,5,6,5
505,1,5,11,3,4,2,42,6,1,3,3,2,2,2,2,1,1,1,5,5
110,1,13,38,2,2,61,68,7,2,3,3,1,1,4,4,1,1,2,4,13
259,1,5,14,3,4,2,42,8,1,5,5,4,4,5,5,3,5,5,6,5
322,1,11,14,3,4,2,42,6,1,3,2,0,0,3,3,0,3,3,5,11
540,1,12,19,1,1,36,46,3,3,1,1,1,0,1,0,1,0,1,5,12
247,1,12,14,1,4,2,42,6,1,3,4,0,0,3,2,0,0,0,5,12
429,1,11,18,1,4,2,42,6,1,4,5,4,5,4,5,4,5,4,5,11
396,1,11,24,3,1,32,42,6,3,5,5,5,5,4,3,1,1,2,6,11
509,1,11,14,3,4,2,42,6,3,4,4,3,3,3,3,3,3,2,5,11
19,1,12,11,3,4,2,10,6,3,5,3,4,2,5,5,2,5,4,1,12
326,1,5,12,3,4,2,46,6,1,4,4,2,1,3,3,1,4,5,5,5
291,1,12,48,3,3,57,46,6,1,3,4,2,2,3,3,2,1,2,6,12
268,1,11,6,1,4,2,46,6,3,4,2,0,0,3,3,0,1,2,6,11
233,1,13,56,4,2,62,38,7,2,4,2,3,2,3,3,3,2,2,2,13
192,1,13,31,4,2,2,64,7,2,3,4,3,2,3,3,2,2,3,4,13
489,1,11,19,3,4,2,46,3,3,5,3,4,5,4,4,3,4,2,6,11
279,1,12,14,3,4,2,46,6,3,4,3,2,1,3,4,4,2,4,5,12
309,1,5,21,1,1,21,46,6,1,4,4,1,0,1,1,0,2,1,5,5
504,1,12,21,1,1,44,46,3,3,4,4,0,1,4,4,3,4,4,6,12
555,1,12,18,1,1,22,42,6,1,2,2,2,1,1,0,1,0,1,5,12
425,1,12,18,3,4,2,42,6,3,5,4,3,2,1,0,1,2,3,6,12
155,1,1,40,2,2,82,64,7,1,3,4,1,1,3,2,2,1,1,2,1
372,1,5,22,1,1,21,46,6,1,5,5,1,0,2,2,2,1,2,5,5
529,1,12,19,1,3,32,46,8,3,4,4,3,2,0,0,2,1,1,5,12
572,1,5,26,3,1,47,42,6,1,4,5,4,4,4,3,3,2,2,5,5
274,1,5,14,3,4,2,42,6,3,2,2,0,0,2,2,2,2,2,5,5
474,1,11,14,3,4,2,46,6,1,2,1,1,1,4,5,1,2,5,5,11
153,1,11,12,2,5,2,41,7,1,3,3,2,2,3,3,2,2,3,2,11
31,1,13,14,3,7,2,25,6,3,5,5,1,3,5,5,5,3,5,3,13
178,1,1,48,4,2,61,71,7,1,4,3,4,2,3,3,3,3,2,4,1
302,1,5,31,1,1,27,46,6,1,4,4,2,0,1,1,0,1,1,5,5
11,1,11,11,1,4,2,10,6,1,4,5,2,1,4,5,1,4,3,3,11
42,1,5,14,3,4,2,10,6,1,5,5,3,3,4,4,2,4,5,3,5
184,1,13,21,4,2,13,28,7,2,2,5,2,2,2,2,1,1,2,2,13
35,1,13,20,3,4,2,51,6,3,3,3,2,2,5,5,1,2,2,1,13
59,1,13,14,3,4,2,25,1,3,2,3,2,2,3,3,2,1,4,3,13
40,1,13,11,1,4,2,43,6,4,1,1,1,1,1,1,1,1,1,3,13
397,1,11,18,1,4,2,46,6,3,5,5,5,5,5,5,0,5,2,6,11
497,1,11,11,3,4,2,42,6,3,3,3,4,4,2,3,4,3,4,5,11
197,1,11,18,2,5,2,8,7,1,5,5,2,2,4,4,2,2,2,4,11
119,1,11,9,2,5,2,10,7,1,5,4,3,2,5,5,3,3,3,4,11
504,1,5,19,1,4,2,42,6,3,1,3,1,1,2,2,2,2,1,5,5
94,1,13,12,4,5,2,10,7,1,4,4,2,2,3,4,1,2,2,4,13
503,1,5,18,3,4,2,42,6,3,5,5,3,3,2,2,2,2,1,6,5
69,1,13,40,2,8,2,6,7,2,3,3,1,1,2,2,2,2,1,2,13
352,1,12,22,3,1,38,46,8,3,4,4,1,1,3,3,1,1,2,5,12
101,1,11,9,2,5,2,51,7,2,4,4,3,2,4,4,1,4,2,2,11
23,0,5,10,3,4,2,51,6,1,3,2,2,2,2,3,3,4,2,3,5
527,1,12,19,1,1,46,42,6,3,4,3,4,3,3,2,4,3,3,5,12
495,1,11,38,3,1,52,46,3,1,3,3,1,1,4,4,4,4,3,6,11
371,0,0,0,0,0,2,0,0,0,0,0,0,0,0,0,0,0,0,0,0
489,1,11,27,3,3,68,46,6,3,5,4,3,4,3,4,5,4,5,6,11
433,1,5,6,3,4,2,46,6,3,5,5,3,3,5,3,0,3,0,5,5
213,1,11,14,2,5,80,23,7,1,5,5,3,3,5,5,2,4,5,2,11
369,1,11,35,3,3,46,46,6,1,3,3,3,3,3,3,3,3,3,5,11
495,1,11,25,1,3,53,42,3,3,5,5,1,1,2,2,3,3,3,6,11
510,1,11,14,3,4,2,46,6,3,5,5,5,5,5,5,5,5,5,6,11
437,1,11,19,3,1,13,46,6,1,5,5,2,2,5,5,0,2,3,6,11
287,1,5,33,1,1,13,46,6,1,5,3,2,2,2,4,2,2,2,6,5
255,1,5,19,1,4,2,46,6,1,3,3,1,0,2,2,0,2,2,5,5
508,1,12,14,3,4,2,42,6,1,4,3,4,4,3,4,3,3,3,6,12
209,1,10,14,2,5,2,1,7,1,3,2,1,1,2,2,4,1,2,4,10
193,1,13,46,4,2,68,53,7,1,4,4,2,2,3,3,3,2,3,4,13
568,1,11,19,3,4,2,42,8,3,3,3,3,2,2,1,2,1,1,5,11
560,1,12,27,3,1,53,46,6,3,3,3,2,2,3,2,3,2,2,5,12
140,1,11,9,2,5,2,10,7,1,5,4,3,3,5,5,2,4,3,4,11
504,1,11,36,1,1,79,46,3,3,2,2,1,0,1,2,4,4,4,5,11
300,0,0,0,0,0,2,0,0,0,0,0,0,0,0,0,0,0,0,0,0
496,1,11,35,3,1,37,46,3,1,5,4,4,4,5,4,5,4,5,6,11
374,1,12,28,3,3,21,46,6,1,5,3,3,3,3,3,3,3,3,6,12
234,1,11,20,2,2,26,56,7,1,5,4,3,2,4,4,2,3,2,4,11
525,1,12,20,1,1,32,46,6,1,3,3,2,0,1,1,1,0,0,5,12
114,1,5,18,2,5,2,69,7,1,5,4,3,2,3,3,2,1,4,4,5
151,1,5,9,4,5,2,51,7,1,5,3,2,3,4,5,3,3,4,4,5
102,1,11,14,2,5,2,25,7,1,4,3,2,2,3,3,2,3,3,4,11
563,1,11,30,1,3,64,46,6,3,2,1,2,1,0,2,0,1,0,5,11
46,1,11,12,1,1,97,11,6,1,5,4,3,2,4,4,2,4,2,3,11
323,1,5,19,3,4,2,42,6,1,4,4,2,2,4,4,1,3,4,5,5
215,1,11,16,2,5,2,28,7,2,5,5,2,2,4,4,2,3,4,2,11
182,1,11,24,4,2,21,38,7,2,5,4,1,3,4,4,3,4,4,4,11
519,1,12,14,3,4,2,42,3,3,3,3,3,2,2,3,2,2,3,5,12
498,1,5,14,3,4,2,42,6,1,4,5,5,3,3,3,1,3,1,6,5
511,1,5,14,3,4,2,42,6,1,4,3,3,4,3,3,3,2,2,6,5
385,1,11,9,3,4,2,42,6,3,5,5,0,0,5,5,0,0,0,6,11
189,1,13,29,2,2,85,31,7,1,4,3,3,2,3,3,2,2,2,4,13
180,1,13,40,2,8,2,45,7,1,5,5,3,2,2,2,2,2,2,2,13
415,1,5,12,3,4,2,42,6,3,2,3,2,3,2,3,2,3,2,5,5
90,0,11,3,2,5,2,38,7,2,1,3,2,2,1,1,1,1,2,4,11
286,1,11,33,1,1,32,42,6,1,4,4,1,1,4,4,3,0,2,6,11
58,0,5,14,3,1,27,4,6,1,3,3,2,1,5,5,3,4,3,1,5
320,1,11,14,3,4,71,42,6,3,3,3,1,1,1,1,3,3,3,5,11
256,1,11,12,1,4,2,46,6,1,5,4,4,4,5,5,3,5,4,5,11
562,1,12,40,1,1,72,46,6,3,4,4,3,2,2,3,3,2,0,5,12
424,1,5,22,1,1,25,42,6,1,5,4,3,2,4,3,1,3,2,6,5
41,1,13,14,3,4,2,25,6,1,5,3,1,1,3,3,1,1,1,3,13
514,1,12,18,3,4,2,42,6,1,4,3,4,3,3,3,2,2,1,6,12
438,1,12,18,1,4,2,46,6,1,5,5,4,4,5,5,0,5,0,6,12
334,1,11,20,1,6,2,46,6,1,5,5,3,2,2,2,2,2,2,5,11
272,1,12,14,3,4,2,46,6,3,5,3,3,3,3,3,2,4,2,5,12
467,1,11,14,3,4,2,46,3,3,4,3,5,4,4,3,5,3,4,6,11
494,1,11,20,3,4,2,46,6,1,4,4,3,4,3,4,3,4,3,6,11
52,1,12,6,1,4,27,72,6,4,5,5,2,2,5,5,3,3,3,1,12
557,1,5,19,3,1,26,46,6,3,3,4,3,3,3,3,2,4,3,5,5
99,1,12,18,2,5,2,9,7,1,5,4,2,1,2,2,1,2,1,4,12
28,1,11,14,1,4,2,51,6,1,5,4,2,2,4,5,1,2,3,1,11
154,1,11,2,2,5,2,29,7,1,4,4,2,3,4,3,2,2,3,4,11
444,1,11,9,1,4,2,42,6,3,3,3,4,3,2,4,3,3,3,6,11
488,1,11,46,3,1,66,42,8,3,5,4,4,3,3,3,3,3,4,6,11
534,1,12,20,1,1,40,46,6,1,3,2,1,0,1,1,0,0,0,5,12
122,1,13,42,2,8,2,64,7,1,5,4,2,2,3,3,3,2,2,4,13
242,1,12,19,2,5,2,12,7,2,3,4,2,2,3,3,2,4,4,2,12
557,1,12,18,1,1,22,42,6,3,2,1,2,1,1,1,1,2,1,5,12
493,1,11,12,1,4,2,46,6,3,4,4,4,4,3,3,3,3,3,5,11
493,1,11,14,3,4,2,46,6,1,5,5,1,1,2,2,2,3,3,6,11
520,1,11,14,3,4,2,42,6,1,2,1,1,0,0,1,0,1,0,5,11
547,1,12,18,1,1,26,42,3,3,3,3,4,3,4,3,4,4,4,5,12
264,1,11,21,1,1,21,46,6,3,3,3,1,1,4,4,1,1,4,6,11
311,1,5,24,1,1,21,46,6,1,2,2,1,0,2,2,1,0,2,5,5
409,1,5,12,1,4,2,42,6,3,5,2,3,1,3,2,5,2,2,6,5
118,0,13,24,4,2,42,25,7,2,1,1,1,1,1,1,1,1,1,4,13
525,1,12,18,1,4,2,46,3,1,3,3,2,3,1,3,2,2,3,5,12
148,1,13,62,4,8,2,30,7,1,5,4,3,2,3,2,3,3,3,2,13
70,1,13,48,2,2,11,38,7,2,4,4,3,2,3,4,3,2,3,4,13
427,1,11,9,3,4,2,46,6,1,3,4,3,4,3,4,3,4,3,6,11
416,1,5,12,3,4,2,42,6,3,5,5,5,5,5,5,5,5,5,6,5
553,1,12,11,3,4,2,42,6,3,2,2,2,1,3,1,2,1,0,5,12
86,1,13,29,4,2,101,38,7,1,4,4,2,2,2,2,2,2,2,4,13
170,1,13,58,4,8,100,38,7,1,3,5,4,3,4,4,3,3,3,2,13
492,1,11,9,1,4,2,42,6,1,4,3,4,2,4,3,4,3,4,6,11
535,1,12,21,1,4,2,42,6,1,2,2,2,1,1,1,0,1,0,5,12
576,1,12,19,3,6,2,46,6,1,4,2,3,2,3,2,2,3,2,5,12
145,1,12,9,2,5,2,2,7,2,3,3,2,2,4,3,2,1,5,2,12
185,1,13,32,4,2,6,38,7,1,4,4,2,2,2,2,2,3,3,4,13
494,1,12,20,1,4,2,46,3,3,3,4,1,1,4,4,4,2,2,6,12
466,0,0,0,0,0,2,0,0,0,0,0,0,0,0,0,0,0,0,0,0
551,1,12,20,3,6,2,42,6,1,3,3,4,3,4,3,2,3,4,5,12
313,1,11,47,1,1,46,46,6,1,5,3,4,2,3,3,3,3,5,6,11
383,1,12,10,1,4,2,46,3,3,3,3,5,1,5,3,0,0,1,5,12
505,1,5,14,3,4,2,46,6,3,5,5,4,4,5,4,4,4,5,6,5
455,1,11,18,3,4,2,46,8,1,4,3,4,2,4,3,5,2,4,5,11
168,1,11,34,4,2,7,28,7,1,4,4,2,2,4,2,4,1,4,4,11
505,1,11,14,3,4,2,42,3,3,4,4,3,4,4,4,5,4,3,6,11
578,1,12,29,3,1,38,46,6,3,2,2,2,1,1,1,1,1,1,5,12
276,1,5,35,1,3,61,42,6,3,3,4,0,0,2,2,0,0,0,5,5
561,1,11,22,1,6,2,46,3,1,3,3,2,4,3,2,3,3,2,5,11
9,1,11,65,3,7,9,13,6,5,5,5,3,3,1,1,1,1,1,3,11
360,1,11,6,1,4,2,42,6,3,5,5,3,4,5,5,2,2,2,6,11
552,1,12,20,1,1,40,46,8,3,3,4,4,3,4,3,4,3,4,5,12
163,1,12,18,4,2,61,41,7,2,4,4,1,1,4,4,1,3,4,2,12
518,1,12,10,1,4,2,46,6,1,4,5,1,2,4,4,4,4,5,6,12
496,1,11,27,1,1,40,46,6,1,3,3,0,2,5,5,5,4,4,6,11
540,1,12,20,1,1,38,46,6,1,3,2,3,2,1,2,1,1,1,5,12
